{"kUjGpEE": 0, "52hHzza": 1, "XnSmh9h": 1, "7s82u4t": 1, "nf5BncZ": 1, "kIg3Lxa": 1, "luTZ6Ac": 1, "JoNMHK8": 1, "SNx02Fc": 1, "UUQMTPe": 1, "L1LYNC1": 1, "nUWUqMK": 1, "8dKhuWL": 1, "dIIsv8o": 1, "W62RNxN": 1, "X0ZNBwx": 1, "pFtC87F": 1, "QOemxJT": 1, "DndnB3s": 1, "4MfRwOj": 1, "j2P3RaM": 1, "MNWgJoP": 1, "COG5jLo": 1, "Jti2J0J": 1, "obqohHt": 1, "xWe044y": 1, "u1mpPvJ": 1, "TW1hCs8": 1, "YGMiSI7": 1, "5zLOwNS": 1, "imxz8iT": 1, "JC0F9AY": 1, "5oIcj6k": 1, "IT43YwD": 1, "qzISEJT": 1, "UOkTlxC": 1, "PYX3wud": 1, "d6ryFkC": 1, "pDYLjUh": 1, "L07zKb7": 1, "E8qbhYJ": 1, "oXjt2NK": 1, "9x0LZTS": 1, "jTUEI8M": 1, "Wt7YcMQ": 1, "pIHEjG3": 1, "7cW5THt": 1, "Og2SkhF": 1, "YvW3wIg": 1, "Fm6rUXD": 1, "zg8kEHF": 1, "LhFywgC": 1, "i7qyQZu": 1, "Vt3W4lv": 1, "hUzTXyu": 1, "wbsZGSi": 1, "e7zWg5l": 1, "thxWwYY": 1, "yfq0Bxz": 1, "tQJfuoq": 1, "xkcIPst": 1, "A28CsV0": 1, "HBOkYyV": 1, "pAo7mlP": 1, "kYbkps2": 1, "n9EIctG": 1, "331nIdQ": 1, "AZ10Vrq": 1, "Bgg6RXb": 1, "dhJhu9m": 1, "L0pTs21": 1, "zHb593j": 1, "107kTOW": 1, "4i3Lj5L": 1, "He8ZF9F": 1, "ALT1GSl": 1, "AX5DD4L": 1, "4OSgdsH": 1, "6x22Mbr": 1, "QDJRYAf": 1, "qsrS4e2": 1, "7CY5vwn": 1, "deP1XsR": 1, "Qkcpzfu": 1, "w1FZDNg": 1, "c9WTiaZ": 1, "21aBu6n": 1, "JrGA0AW": 1, "fitSDGd": 1, "Z0xznLr": 1, "1mYuAgk": 1, "INOiPTr": 1, "clzL938": 1, "o8V3yB3": 1, "MF5X7Tl": 1, "Xnb6VZY": 1, "UeCx2kM": 1, "9zHMzkj": 1, "zIBONst": 1, "mzIuYvP": 1, "EDiABO1": 1, "1QSQDv3": 1, "3iV27qa": 1, "TgHsSRk": 1, "t0WQ3Fc": 1, "HfaXWpz": 1, "igzhiFs": 1, "FRccZUB": 1, "OVCvjwt": 1, "KERcLgd": 1, "7wGFD8Y": 1, "NP2VPiw": 1, "KboNkke": 1, "y1lPmxA": 1, "ScZ2yfy": 1, "YUTMAVc": 1, "FPk9UlQ": 1, "0N3xf86": 1, "LNgPOEc": 1, "T6EeyH5": 1, "ad2R1iH": 1, "pusTQPG": 1, "ARcwIKi": 1, "ZPjgjch": 1, "J3AOiLM": 1, "AACuxf6": 1, "Aw3tNUz": 1, "rPeE3dj": 1, "gDvs0zm": 1, "at1jSMO": 1, "4ZMh9e8": 1, "B1hWVUw": 1, "5tvBgvD": 1, "VnSaygx": 1, "OBFQT2R": 1, "ZpViYpO": 1, "evL6aeQ": 1, "PmMtHhI": 1, "TWlyBXj": 1, "9bHjRaH": 1, "vuglRqS": 1, "AMvGmCU": 1, "wp2UuH6": 1, "vj0Gs1t": 1, "LjkGAua": 1, "g6Kq3XD": 1, "mu2Cmqh": 1, "Ppqfhbq": 1, "rfKh8DI": 1, "jQhtkpx": 1, "f6zXNj3": 1, "iCtpMLk": 1, "4G9ppRQ": 1, "LQT9CtV": 1, "5GquJxC": 1, "eb4IEee": 1, "S3qyPq5": 1, "KzR4nY6": 1, "4CWlpsj": 1, "AU6U6SV": 1, "bhNAHXR": 1, "dAlTw0I": 1, "pKe76zW": 1, "ZZuJraJ": 1, "2FIksCZ": 1, "vrvhsDq": 1, "Z2CDdzh": 1, "nhUDzMu": 1, "6N6Ld3b": 1, "fmC9bTp": 1, "JPmWNVP": 1, "7HDRy1K": 1, "nO8d6uV": 1, "1uG3lzI": 1, "ZEXxYxZ": 1, "sKbcfpg": 1, "Rh4EGnB": 1, "GbLZ7te": 1, "FnZ7qN6": 1, "yENfQ8o": 1, "W0PPtqz": 1, "EWB1mnL": 1, "clD6ZIG": 1, "6EjKQSx": 1, "oMSycHt": 1, "7IMiXQ0": 1, "JOAlcqK": 1, "0PQ45IS": 1, "8T3v5Zu": 1, "ySeH9ba": 1, "s7JJM9a": 1, "AI4DAYH": 1, "uJ9sLcZ": 1, "uClFo9G": 1, "Kx2Ga63": 1, "SA2HMVP": 1, "i2116Wq": 1, "Oi8vHW2": 1, "mERuXlj": 1, "UAXTWjt": 1, "4dyXg8o": 1, "RdGm2bV": 1, "Jqwkdec": 1, "6GJ7WBn": 1, "AZVDSL5": 1, "1up2LhX": 1, "xeuUWpm": 1, "fSzNybr": 1, "k1DJZfz": 1, "khnOBY9": 1, "Z3yTeu0": 1, "RrCtRzw": 1, "kc0SV5f": 1, "PYD9g3l": 1, "UsRGC7A": 1, "1cJCMZd": 1, "103I2ey": 1, "hqKHWNu": 1, "Uqg1auG": 1, "OVMdyz9": 1, "FO9z6i4": 1, "h6FiOjl": 1, "86YtSdd": 1, "rL8krVV": 1, "OWnaqq2": 1, "yZDdXSK": 1, "00lN0dO": 1, "2gnVaQL": 1, "2K2wf2X": 1, "hdZfjiQ": 1, "458GBck": 1, "JmVV5lD": 1, "pebbKzx": 1, "7zS9YNU": 1, "0dKEZQi": 1, "3BgeDan": 1, "61k5jAw": 1, "5kTehzJ": 1, "ffZjtBA": 1, "LHBgLTf": 1, "PrqjVSY": 1, "UAB7Yjf": 1, "Ehe5k2i": 1, "VuiWIvl": 1, "7vjc8uF": 1, "ARHCzCc": 1, "JpQNa3A": 1, "MacDDXQ": 1, "o9vIBKk": 1, "OL3sQXq": 1, "i2behiZ": 1, "s2pzFEM": 1, "lLlLdFH": 1, "cKTIwNP": 1, "01uPpbQ": 1, "1lxrfWn": 1, "uhCEO1f": 1, "DTiyxwG": 1, "4PaDzKj": 1, "QOqClX1": 1, "G5zOqU4": 1, "t67xkeW": 1, "jIQiwYN": 1, "9QZGZzU": 1, "mLVU1Kq": 1, "qyQjGqy": 1, "RsFXtPe": 1, "pySs6jb": 1, "0CPbwTd": 1, "Bdc7Rgp": 1, "8kkOFWq": 1, "iO5h3NY": 1, "04rm6YU": 1, "5icsY9B": 1, "WpY5cTg": 1, "ZemlIyQ": 1, "1c6zMZv": 1, "EQYJyXs": 1, "Lcwo091": 1, "rqP65V0": 1, "gaEcGmW": 1, "7OPl4sM": 1, "TXLgajr": 1, "dEX7wln": 1, "AtoQg4X": 1, "bMvtqne": 1, "5Kky2n2": 1, "lvd0ixk": 1, "7PeaNzH": 1, "VryWtmi": 1, "Tk8r029": 1, "HHaUN1B": 1, "L3xhrqp": 1, "YoFo1j3": 1, "yxHY8dK": 1, "VQoKUnM": 1, "dpnT65T": 1, "gq8mOOg": 1, "BXQQoJi": 1, "NRZBLwJ": 1, "iibqa6M": 1, "XP4MHqx": 1, "1uvIuji": 1, "ExATW6F": 1, "wt5xdHF": 1, "FR3DWJI": 1, "NtSx78D": 1, "Irv1CzO": 1, "Ox0y39t": 1, "aRPOymz": 1, "Bo3kQKZ": 1, "bT3wRuV": 1, "I1PmIJo": 1, "t2FlEuH": 1, "7XnIS9n": 1, "VVTQ8zN": 1, "xfwJD0t": 1, "GcHmj1n": 1, "rFQJ8gB": 1, "dzllGYr": 1, "HscsOCF": 1, "HFzE9fS": 1, "hPUNaye": 1, "OirmZ06": 1, "QzHJI9j": 1, "5Gk8obk": 1, "6ruPYhY": 1, "N91omvY": 1, "fQZtNPY": 1, "ICgSMQV": 1, "H1V5EjJ": 1, "sOngBiT": 1, "154EqnS": 1, "McOQ1K1": 1, "ehkuWun": 1, "ERoFNi6": 1, "PlRky18": 1, "eyg1aOZ": 1, "zOLRKIA": 1, "6iSkpCV": 1, "7G23wRi": 1, "Sd4sFYh": 1, "1Xas4lZ": 1, "nf3L9xF": 1, "WbC6vcP": 1, "VzUcsqs": 1, "CqoJ9pP": 1, "w2SB27O": 1, "t2ushjD": 1, "pZtboAt": 1, "W7jjuGX": 1, "BB06DwU": 1, "85r7Em2": 1, "a40uwnp": 1, "bExLkql": 1, "75fdj9f": 1, "MfJjRlD": 1, "u1e9x7s": 1, "MJI6ZcU": 1, "aVhs3rR": 1, "BbLVz2V": 1, "MS8gEic": 1, "MFqsl12": 1, "Pri1TLd": 1, "4fhEcUC": 1, "fqq1f34": 1, "9nVv6Aq": 1, "VYMfDSj": 1, "rrmZt1u": 1, "hXRvMiO": 1, "ujrT496": 1, "aREjSNg": 1, "56ruZv6": 1, "9LUPoV5": 1, "NdMar6h": 1, "zGKLnRY": 1, "7k6vtue": 1, "cnxSX79": 1, "U4lXdIA": 1, "dCNigCJ": 1, "kuXTT19": 1, "AodNrPL": 1, "ATdq0Cn": 1, "sPGheWN": 1, "vxJcoWq": 1, "P6sSJW6": 1, "FmsP95b": 1, "OyLxVgK": 1, "0WMeXHp": 1, "jmDaCwJ": 1, "SdBNoSI": 1, "8Tkp7HR": 1, "Sxu6wte": 1, "d83Y7Rg": 1, "XOHfOdG": 1, "ymDrqVP": 1, "UzJwKJ7": 1, "Vcfy0R6": 1, "9GIcr0Q": 1, "uhfWEf0": 1, "b8DfBkW": 1, "1pmMtuV": 1, "Mzi3SQN": 1, "zvMin1C": 1, "gAj9Twf": 1, "kkimITG": 1, "1ZsKHhx": 1, "0JJj7rd": 1, "8u4Y8SR": 1, "wpKxqIq": 1, "PaOsOyW": 1, "Tlmkowd": 1, "N1JNYMJ": 1, "r5iPBjg": 1, "T35DbNN": 1, "A34plWK": 1, "OJRPk9G": 1, "7TCFtoi": 1, "OMghSwP": 1, "CQJaNUW": 1, "QB5r2Ij": 1, "IjYfAjT": 1, "lrOmDD6": 1, "NV380uY": 1, "7sjERfG": 1, "lJfM1tk": 1, "cVHVcnn": 1, "mzrFW6v": 1, "iPAWhzz": 1, "w2Q0Sco": 1, "4Ccuj4i": 1, "TjSoEC1": 1, "qc9EGZI": 1, "vYSf5Ip": 1, "lbrprlk": 1, "B3tDamD": 1, "f2xcxQ9": 1, "mLM01PF": 1, "kv6jrFr": 1, "aoZzbqY": 1, "smvZDFW": 1, "Zlb2rhR": 1, "33shPiS": 1, "d5HNKXX": 1, "8kPnZUQ": 1, "lH0c5Qu": 1, "ymRHfEQ": 1, "jTFMaoX": 1, "PL4G1Fk": 1, "hz90VWN": 1, "NVkCgRM": 1, "nlNgTzk": 1, "CPVFMpZ": 1, "ywDmOZR": 1, "mbYCHim": 1, "mWeq0cA": 1, "zugxODL": 1, "DGS1IBN": 1, "jGthYvA": 1, "DRszztK": 1, "zIGhcPF": 1, "0BeetBa": 1, "eReYMlg": 1, "i7Egc00": 1, "S3UZnaV": 1, "E3gS5TL": 1, "5HlYuxK": 1, "aeun6LO": 1, "1Vtv2Am": 1, "XpmLz3A": 1, "YYsz4Qh": 1, "LDS6Jqz": 1, "Hx5HEnL": 1, "DXDNPqJ": 1, "Ejs9cKF": 1, "AIKYjC3": 1, "qf1gPOm": 1, "Xvt8491": 1, "HdfOHoA": 1, "pi2OGLa": 1, "OAt57hG": 1, "BdXRVQh": 1, "4VUlLeU": 1, "0bweZZI": 1, "nHKOpII": 1, "Aja3dep": 1, "bdcEGAh": 1, "M2uQ7O9": 1, "lRNWYH7": 1, "jlZJL6k": 1, "Lq5lcaR": 1, "24dv9wn": 1, "dkCDiFf": 1, "WNR33Ly": 1, "qqmShF0": 1, "guABz2q": 1, "5Mm8aqC": 1, "wqW6WDT": 1, "n5fBw3O": 1, "cJNFjLT": 1}